device_name,device_secret,product_key
0000145d,09f6fef219c7e23eca940d114ec8637b,de8d0d3f
00000772,c06807fb2a225bc4f4f3b077e847b9fc,de8d0d3f
00001d3c,630b94a9dbd5049cbe74a0d676c2de48,de8d0d3f
0000000f,f1826377fb446a34d13f94a52d4fa8f6,de8d0d3f
000017df,bc94084bca199795a26b9714da6d6bb8,de8d0d3f
0000011e,4a323261369a57aa6fc9bd1a26a202be,de8d0d3f
0000228a,9df713c25f1d7480c5bd7747c88a1a6d,de8d0d3f
00002043,4a37d82cb6d9057c42e732829f8b9792,de8d0d3f
00001d98,49c101fdadd0ca575cb70cbdabf5a95c,de8d0d3f
000000c0,e0be30b933e950c57a3c346752a3389c,de8d0d3f
00001303,65605b0293da3ef9f9459b21606dcb8b,de8d0d3f
00000d32,38398f9ede36acbd6686da81d0fa5cb7,de8d0d3f
00001f97,dce85c3b4a15cd4c52437c7d70d75f03,de8d0d3f
000022c2,6398e126ee60e5576de65967d954a3a4,de8d0d3f
000021bc,74e7d1ae6cb1312a0193f670c7b3e444,de8d0d3f
000024cb,a8c5a5697ff8d1c4e41130d82a0276c8,de8d0d3f
00001b5c,479e7549a9e48a32caf69f799f9add79,de8d0d3f
00001fb6,c4b8ac40d2787733a15cbf95491e6ed1,de8d0d3f
00002565,b906e677f4ce9c4b24923e577426bba4,de8d0d3f
000025a0,cd92021e5ac799339db88eb1d3d39fcd,de8d0d3f
00000632,85b490626d71ab5e7c5abbee90e28f8d,de8d0d3f
00001386,e3329193685d5456227e6eaacd15cb13,de8d0d3f
00001c78,245d257b4bd9a111519801b4f853a2d6,de8d0d3f
00000742,980aea6d9c58751c58b31c72cd0a65d7,de8d0d3f
00001fbc,0474d5f26aa06b8d9aaf06f52fca28ba,de8d0d3f
00002322,2d1b4cf91e72415843ae5d5739595786,de8d0d3f
000026b1,695a00e11fdb920ac71175bb6de0538a,de8d0d3f
00000338,a7c6ef3d80454dff486910b72184ef03,de8d0d3f
000025d7,6fdce936ce2c1443e8a0ceba83c626ca,de8d0d3f
00001557,471c92216e607a74fc914b60e1251d26,de8d0d3f
00002123,b57aba49867cbe9f8637ff2402be9a55,de8d0d3f
00002549,5c55c0f044167741a1b8b8c226c407c4,de8d0d3f
000025a8,527b3d33d622d330be424fa29872c56b,de8d0d3f
00001f0f,6fe80e04023c187531501f3e1dffa03a,de8d0d3f
000002e9,238107e0c27194804740905bf1645b33,de8d0d3f
000023bd,0eda07a531d167d09d7faffe7b186385,de8d0d3f
000026e4,c4a3e8f48cfd351f677028780641c149,de8d0d3f
00000329,4bfe94bb22fbaad3a74df2e4556da62d,de8d0d3f
00001d48,898e6162e13de808babffd5e061a5e38,de8d0d3f
000020f9,f96050e7eca1663e66d726ca797f2ecb,de8d0d3f
0000139b,451eacfa40832fefb3058fabae447ca7,de8d0d3f
0000016c,3c5e3ad1acc0f42cb9ba4b8989786746,de8d0d3f
00000a69,4843f8c5ad5b8e19a41e7d752d294029,de8d0d3f
000022c7,e0bc0b24c7c711ef8c905c51e96e9400,de8d0d3f
00001e7f,770ba15a2ac8ab1dd3e2959ab11a99b5,de8d0d3f
000000fa,cd7d84066c14fa29a7b2062b41c3e684,de8d0d3f
00000ea8,145ee9a5f742fdb6488da3a283a84bdb,de8d0d3f
00000e1f,26327cc709fe493013f5af4c242d691c,de8d0d3f
00001652,9e0cc5011a5cd6c751c46cbdff7c1ff5,de8d0d3f
00001429,52f18e5003aaba36df0a58fd48d48e3c,de8d0d3f
00000114,f9f58316b857abb20fca6a651fe1285f,de8d0d3f
0000203f,abbe2fe8c283117ae6518f220b7cb576,de8d0d3f
000012d8,c5d26b0ecb6a1933a3d3189ee05e9589,de8d0d3f
00000127,5ea429a6a281443a8a611205378ef4d1,de8d0d3f
000022b1,b8e578dd53342e2aeb1cb9cd9acd31a4,de8d0d3f
00002265,59a1b1f7853f10c3f806f1f38629d8ac,de8d0d3f
000022ad,f1fb9213bd560722798b10fc5066bdfd,de8d0d3f
0000045c,a717640ee88ed7407b6628a11e14477e,de8d0d3f
00002668,1cb531028bcbf2ea34c2ded54c733811,de8d0d3f
00000164,7d5a170097f24fb8305f3358b27749a5,de8d0d3f
00001b88,cd7411e57235f244c5d83c61967f5de2,de8d0d3f
00002285,0230d63c55e4545ac75bb6d821b15915,de8d0d3f
00001ccc,f6da6099f7e3676458976ac7589d8b04,de8d0d3f
00002686,bbd9e12f5a55ad14642fe94262ac608b,de8d0d3f
00002488,9a7fd0d1d9aca4d48db5ff8ecab1b650,de8d0d3f
000020ab,527d5b5bb667a28f168c131d4a237a45,de8d0d3f
00002633,a3a9dfe20c255f070cb2bd6ecb24d615,de8d0d3f
000001a3,03cc3cca73ae938aedbad52c623d98e9,de8d0d3f
00002526,201c2cd9e248baa7c25f830ef1813bc5,de8d0d3f
000001a8,d117906851a72715524f45984a362003,de8d0d3f
000009c8,db96103b19afd8ea07a6ae45a581b560,de8d0d3f
000021a8,e68826e5096e1e5e058a520123ad3816,de8d0d3f
00000bc9,54c3dd3b287842afcef17e0a32195ebf,de8d0d3f
000008ae,db03cc3d055ea38a1367c96a34a9398c,de8d0d3f
000004f4,6c3518df0d6b46a15fc2d15c09378207,de8d0d3f
00000e24,c88396ccbf3bc8d8bdba17e6990790d8,de8d0d3f
0000145c,158753588cc5b1df556a70aefda785b3,de8d0d3f
000005d6,58019770c2a2175cadd78be2597dc857,de8d0d3f
0000145e,a6747b1afe09481f1893c1331e4887db,de8d0d3f
00002576,06c654e0448597913332c424583f0433,de8d0d3f
000023c8,62b1b6fc3e71204bfb66d769b664ff65,de8d0d3f
000025e7,9dcc971c406842447d41777af6b6c1c9,de8d0d3f
000023f2,5c88585fbc981e2027905d6220008f49,de8d0d3f
000003aa,8a34cc548481b1891e080a9877bd7b7c,de8d0d3f
0000204c,dc60b5b4498ed2a99cac37aec858acf1,de8d0d3f
000008fc,92dd375abc081772e503e420fbb194f8,de8d0d3f
00001583,ce0e136a49af91728c0877d965bc1e94,de8d0d3f
0000014a,77e64ef49f22912ef134db5d80053b9c,de8d0d3f
00000d53,26d45cd86e5dbbb2cfa632a0ceea9850,de8d0d3f
00000e87,c0450d54858522816c95974f5fa18c6b,de8d0d3f
000001d4,389136e9f7d442938e5ede77119f0d71,de8d0d3f
000025fb,87587d23ca97641f5011be9cb70b557e,de8d0d3f
0000031e,fb5fa6a860d798bcc6ae99d78196e3c1,de8d0d3f
000013a9,1ef68a3adc47bcdcc45ee77696b9f9de,de8d0d3f
00000044,b7dc3b50683fc362205a439d926ec7a5,de8d0d3f
00001a9f,ed292b2e0fe2b5e8920a0affcad57d8c,de8d0d3f
000009b3,c9010850fe864fe7faacf8f74176454b,de8d0d3f
000001fe,861d1fa823afcb0eeda290d8bfd8d135,de8d0d3f
00001375,515fc8a1a172fcefecb8cc151eb428eb,de8d0d3f
0000130b,26f722cf59b32b567dd16d8ca7aebb81,de8d0d3f
00000d9d,7850d6a69e8abd29e1a91420817783fb,de8d0d3f
00002590,f45e8ee9a20b6369dff1181e384eaed6,de8d0d3f
0000026d,5ed472487d9040d79da8cbf42eae2613,de8d0d3f
0000066a,e90abf3adefda027869f6d46b0afe655,de8d0d3f
000023cf,6afab03224dfc76abab4bd3f9f7cef57,de8d0d3f
0000138f,b88db37721916f8bd61540918edadc19,de8d0d3f
00000266,648842b56f5664c43265b68b277c1f8c,de8d0d3f
00000b61,5ee256f1bda0772acd71d1d600e81235,de8d0d3f
0000013d,7fdb03a862a2e7c472e9c9e2d19278f3,de8d0d3f
00000c2e,c97c4c86f7482ceda7c04f8033d1fb27,de8d0d3f
00000a49,7f4b0767edac0f8f23226be1b507612f,de8d0d3f
0000077c,7b72f0b5785e8b7187b559ec561915f2,de8d0d3f
00000882,0dd2662078aec1e3976623b8ca05e2e6,de8d0d3f
00000284,aa2b40d8e73fddb0315de694be68ee45,de8d0d3f
00001f46,bc85b52741d44d1974c1a9a402f4fa59,de8d0d3f
00000294,049ffbc2a97e8ffd34a3f65573a12abd,de8d0d3f
00000ae1,dea0a06c7612cf1a33b951a1aeeb20cb,de8d0d3f
00001073,0a5c0d06999ffa90ffb7925a5d26c910,de8d0d3f
000002ad,3410970d6b6a013d179f9de510472012,de8d0d3f
000001f9,dd407f19d9e8af7f0109ac8def340a96,de8d0d3f
000002bf,998f2197cc6955f05f20e6052ae776a0,de8d0d3f
00000685,382da6358c17e91b426c15318a3812f9,de8d0d3f
00000159,05b70323a9bcdbe869189bd580852bf1,de8d0d3f
00000830,c2d143361d53417c01f41b7ce3a3ee17,de8d0d3f
000002d6,b44e447bed1483ef9f4be36823263797,de8d0d3f
00001f61,696af72257063daa5781daf4fae33dd9,de8d0d3f
000002f7,aefd961ca9b6dfcc59b60e0408bfd9f7,de8d0d3f
000026fc,cadb779529b01e2f414fd4b478b99914,de8d0d3f
000002fd,611c1c21ad3f99084cbd8fcd611540b1,de8d0d3f
000026ce,6c521039fa0ee2f6ea1bdac08b419a1a,de8d0d3f
00000a47,5b082380437a3d55f089fe94ac20cd9d,de8d0d3f
000025e8,08ac6e9e0ad018f2c63434cc438044cd,de8d0d3f
00000304,8efeb26df29d0b3157ca0cb84f2ac279,de8d0d3f
0000013e,307b857cbba28d6c56615b99db2b8694,de8d0d3f
00001e19,5a7191c847266e566eb20fa83f70d399,de8d0d3f
00000092,67e9d87f87c683f0fd01f62249c91faf,de8d0d3f
00001db7,2cc63fbbbc36b6f543b71ceb86499813,de8d0d3f
0000031b,15e9feb0bdde311e2d5d968346bbe0c3,de8d0d3f
0000262b,391d2bf049c3199543d83530fddcb10d,de8d0d3f
00001fed,827e8d59ffe2ad064dfad317c929b242,de8d0d3f
00000204,3af4816c3e5919a1171b71398d34a041,de8d0d3f
000018a8,9408ac5d13c0e87747336e2d0f4163f3,de8d0d3f
00000332,a89f283c3bb5fe804e776d551ab4c4a3,de8d0d3f
00000335,6ccd8189208543ec65ac94b61d68c1cb,de8d0d3f
00000809,5b1641f46bc7ea960fd8f1675be7f6dd,de8d0d3f
00001dec,42d66b2d3a61ba9b21495139f3a83c33,de8d0d3f
0000024f,23cf61e47e5bcb0818312140c66feb3a,de8d0d3f
0000229e,a9527b337310c183c2c7efa309b70311,de8d0d3f
00000348,22dad4e4ceff0669c2d412452a7d5e41,de8d0d3f
0000034c,97635deba766180e69ae1bf4ac44dc08,de8d0d3f
000000a9,b3797546244b41f4d027ea7d7ddefc7a,de8d0d3f
00000358,98c00ad66e1c0909b0b87af23a073e73,de8d0d3f
00000359,9852b4e2882246c743a4575f903025a7,de8d0d3f
000001e6,92720f2dc0817d22284a07a37142e76b,de8d0d3f
0000035f,f8c2e60ac5383a4ab0a0ec4df6c8a145,de8d0d3f
00000274,1bea81937cf3a00604b92c280f19816d,de8d0d3f
0000036b,d54112a770f2c2e07bcb264cb6f99cef,de8d0d3f
000001de,f8341e0822e0061fd9806503c0c68ac3,de8d0d3f
00002436,97e909580427b91f6ef485285845d06e,de8d0d3f
00002661,bbbede30cc9043b068099d35721d2f5e,de8d0d3f
000003a0,733b7a0e69f6898aa7d6f776de19e85d,de8d0d3f
000004e6,f5f80f3a3a10fd003562fa65a1d25583,de8d0d3f
000006d4,b32dd9b5a1cd4a4e72296cc77eb925db,de8d0d3f
00001877,fca1bc416804f96a15c5789fd4a6a1e0,de8d0d3f
00001d7d,901684af03663af999417ce8470c5e73,de8d0d3f
000008a0,f440f1b57287ba46ae553ba6cfc6213f,de8d0d3f
000003de,ded6a4055afa5e6273a1d6ff9e19a7ee,de8d0d3f
000003e1,786eb61648078499d56da0b2551fdf34,de8d0d3f
00000039,d82a936a816b53a61b43c0e02dd72bab,de8d0d3f
00002288,028fbd0fc7c9b36efc2dbdeed92ecba6,de8d0d3f
00000053,a3c1f29fd680cb1924379db9f5f4dc8e,de8d0d3f
000000a8,60c49cb2b45c096a45920b169042e37b,de8d0d3f
00001c7b,d5eae5164ff45db952d0281786b2be24,de8d0d3f
00000402,246a5c455e0dfca754981784b0c14d71,de8d0d3f
000018bb,7f52a1b888bd62dc4c360663b0d8084b,de8d0d3f
0000029e,a3d8cd843f9314dcb7fc84e3e2b15ccb,de8d0d3f
000003f6,2f0449414a411e5e3694876fd1696c5e,de8d0d3f
0000042a,2bff1fbd40f22bd8ac28d0a2f1ab3bf7,de8d0d3f
00000761,6fe8fd6c9678451abb4dc1a8bed8d106,de8d0d3f
00000234,f3efe3aeeb0880c9411468521c593a16,de8d0d3f
00000299,6da5e1de94e64b2fff9395e8645f6af2,de8d0d3f
00000441,1713c52e287f9ce18ca4ec6ab53bc529,de8d0d3f
000007ff,dca1685606a7015ee1eab66ca457796c,de8d0d3f
00000448,cfa8f233c7e2782fa00aac4f26b40e12,de8d0d3f
00000389,f5ee3722efaba02b5979664c2d122b32,de8d0d3f
00000b16,96e91e0a2b7795c7abccdcb900739582,de8d0d3f
00000458,b9a74e5abc02fa43fa5ed7b3b58f3d7e,de8d0d3f
00000aea,65d2f6247437e5f11f9803b705deadf2,de8d0d3f
0000098c,a8ae1b834cc589791730f2edbd1a90b5,de8d0d3f
00000de9,401d63e587dae553be4e11a1d27eead3,de8d0d3f
00000305,01ce2c1e3d55bcf0be778c9d94e509c1,de8d0d3f
000024e1,48dd57d61e38fdf41c925e6fcb331522,de8d0d3f
00000fdc,1d0c074f7934ed3628a9dd497bcf472b,de8d0d3f
00000484,1ef0756354e770fbc28ccb06fd4d8e5b,de8d0d3f
0000091a,388f5da5142a7b1ca8a4c22ba82ed1a7,de8d0d3f
0000125b,4888e95a168d07f8f0d4d3788aa46297,de8d0d3f
00001abf,19c1520a507b8439bb0ce419d930e73d,de8d0d3f
000002d1,7309c77355292abd1a2785c753b745dc,de8d0d3f
00001058,527ad35f42726af027734935983ca0f6,de8d0d3f
00001672,6226eab8b1729bdc65ba47c68010f7f1,de8d0d3f
000026a0,c1be8438c270b126a02e2f767393bc80,de8d0d3f
000004a2,c49fc365194ce47c7331719425fb86fc,de8d0d3f
000004a3,e677c817fef5fdc811c8d9e8b01a316d,de8d0d3f
00000636,0a0323bf7ad5d40a4971b93951ffb49f,de8d0d3f
000000f1,5cdd9a2abe735e8a779778206f0782db,de8d0d3f
0000071e,250ab07768824496fe40a405c0fd45f0,de8d0d3f
00000aeb,24fdf59700942c689221e18c7024a405,de8d0d3f
000004b6,f68622d0a5276c0e31f7faf761a1df47,de8d0d3f
0000086b,566f6c976f2640afb9ae4c92b9f96009,de8d0d3f
000002ba,ee5c3adf283a6070a33415125d320cd8,de8d0d3f
00000d39,496777899f2a69ff8f4060de7119e221,de8d0d3f
0000072d,80ede02c092a978bb1ae725eb23af0c2,de8d0d3f
00000b42,6d531ea15a0a82d9e1855e1880d50e07,de8d0d3f
00000c2d,2d4be4382eefcad2d8825fdc49b3ad12,de8d0d3f
0000150f,264b6373ce98e6ffc835093923ac4b85,de8d0d3f
000004bf,5283fef0649e62eca627cf0f218a4cd7,de8d0d3f
000004f0,7fc636a06af22301221c5e6cb00d9541,de8d0d3f
000005df,986deed304fe7535604f459cb126210c,de8d0d3f
00000f55,826a40c5b143cf830ffad95bbac095ee,de8d0d3f
0000231d,a483c891ef9178c00c41e8240957a121,de8d0d3f
00002365,a6ba37f97a70e39ebbd18e11612ac437,de8d0d3f
0000046d,9a9c351844a0c1671024d279d7f78dd6,de8d0d3f
00000821,a7ef97132539dff5221dc0723335ed23,de8d0d3f
00000515,8d14a57344a55a5fade3be34360eeeb4,de8d0d3f
000021d5,66585d3563226a10ec4a63779b08463d,de8d0d3f
0000051f,8e84fcb1cc82ae7cef150e67237c4a9e,de8d0d3f
00000c32,707fdb6292a1750593d70f157383fb7e,de8d0d3f
00002569,1314258632e9a74e163767f1132fa248,de8d0d3f
00000422,745f8ca5c04c57c1bf0bcc3535882681,de8d0d3f
00000974,4cc861bdadaf3b07e41e991019a5b6fc,de8d0d3f
0000000e,9a79e16426131914ece61494762a3881,de8d0d3f
00001011,ab67c90d5a7f47d85910accc703d4f02,de8d0d3f
0000053a,1c4dfa5d4b6666d9a422936abbf7dfeb,de8d0d3f
000004de,b3ad780014985c02cb19a6f464a0b3c5,de8d0d3f
00000ab6,8a737066c364a17849d02368cfdbb75e,de8d0d3f
00000546,2c59d38df6d38ce723014d84c6891f01,de8d0d3f
00000550,f7ef3743bc124658faf7d94a7c696f7f,de8d0d3f
0000090a,8eb3930c37c0e8ab28a018e8406e3ffa,de8d0d3f
00000457,f4731a1361378fb733d372bbfe278501,de8d0d3f
00000e3b,588274395078e31055006147cd06ee12,de8d0d3f
0000018a,9063c98b57011a9177447782bb0ee99f,de8d0d3f
00000300,4a551f60cfd0352a70b6d4ef6df537c1,de8d0d3f
00000101,4602dc9832167b144a19519b022c82cb,de8d0d3f
0000157b,9e04baef7c60a34d56629c7af4bf1d1c,de8d0d3f
00000a6d,63caefa3c385ec333104c63eb129e85f,de8d0d3f
00001426,f685369100f0bd71739ea5073068def2,de8d0d3f
0000057c,070699bc0ace765808dadc2ed8a3c51b,de8d0d3f
00000580,2d57e5e4eb34954db81851abef393a4a,de8d0d3f
00001a27,10322465413f8348824e0cc61ee2d550,de8d0d3f
00000074,5114f5de97afe353f6c6e99fc5ad1802,de8d0d3f
00000591,f3a57e76f530022b0c76effe693d5f5c,de8d0d3f
00000876,91705ec7601de6d88db852b7b93f966b,de8d0d3f
00001604,6b1eb5b367a07d2bb0cbcfc33972c34a,de8d0d3f
000014fb,64523b0aff84d454716e17253bb7b22b,de8d0d3f
00001741,5679ff34180aa3bba72bb3d4b2b5cb4f,de8d0d3f
000005a3,52fbdac80f2543ac9b6c64f5a79ca07d,de8d0d3f
000005a8,99acab9af5ef5ac89d1a5bba09857ead,de8d0d3f
00001565,789d2a3580c4520622c6d1591323bc9a,de8d0d3f
00000cd6,09959b3bb8eafb83fb1626cc90811bd2,de8d0d3f
00000157,f6e8b00505ac8f7ef950127daaed671a,de8d0d3f
000005c3,da4569c668b0c82882a87d5b476833e5,de8d0d3f
000005c6,8b2dd1a01d5e38f7c2ea70b3da085af0,de8d0d3f
0000122b,0dfea4560f468a2fe605236234e25152,de8d0d3f
00001308,a00abfc0abc24cae850d7606a647128a,de8d0d3f
000004d6,ff0f979194f9a7fc8fb759bce3b48a60,de8d0d3f
00002678,222ec20cc16c8f103f2e44f9459f5e00,de8d0d3f
00000077,a4e7c9cb1ae808be2d9892c691cfab7d,de8d0d3f
000005e1,a476b06c639406ba2e75dbb425291aca,de8d0d3f
00000a6c,65b84f673b8463c4cf9eba6869ed5bd6,de8d0d3f
0000057a,e6d25259c63e64468c61b74b7ca64214,de8d0d3f
000005fc,f71afe6aecc7b8a48a836ccb123ec500,de8d0d3f
00000a52,8c2162bb92af3c25ae62ca5d4938cf5f,de8d0d3f
000023c5,c02bc9c66b2f3d3386ae0a6db9021718,de8d0d3f
0000060b,7982f60d288a0d06a1b578a8f102bb72,de8d0d3f
00000822,6ad68911c14c5bb388f91537e02df5bc,de8d0d3f
00000619,38f59a37f2f7b1dc8841b65540fcb248,de8d0d3f
0000061f,1928aab53d003f6d606c0bf9795f703f,de8d0d3f
000009cf,e74b5b1d7c3e7e72b766f36166646254,de8d0d3f
00000624,ef0a82a3c347dc4cd0d1bca2367de117,de8d0d3f
0000062e,77915e02fb71f76567cb6c78933d3863,de8d0d3f
0000048f,d89910c189d8aa66e307f6f61a1303e3,de8d0d3f
0000064a,2f50cc294d58775d80739c2845201ec3,de8d0d3f
00001333,6b2d2f0a499f75d1a5cedcdee6d34785,de8d0d3f
000008ac,e44165a2737274e571cc2b3974eb01ae,de8d0d3f
00000657,1455381a539bc7f0adfbb8e1dbf4a134,de8d0d3f
00000b6d,aa985c3e73d12d8eb349fdc12d8cac3b,de8d0d3f
00000664,c06c3cb1d6339ed532e1bd0d9a8c359b,de8d0d3f
00000665,07df3df749b362124d7e592ffa5881fb,de8d0d3f
000014ba,0f88c09dacb09e62b2a5e4423e410238,de8d0d3f
00000672,4946610925571662979c7c9e7f217611,de8d0d3f
00002024,1e675c2955fd2e781488f10577b4d3a5,de8d0d3f
00000677,8d9b4a4b71ec7ed4a2d36012e37af780,de8d0d3f
0000067c,7e7e85068fe65d67beacc344d7598213,de8d0d3f
0000064d,2ae59f81bccce6b348a9bf01661d480c,de8d0d3f
00001bef,1ed66abd962395d6a0b425092875f95b,de8d0d3f
00001998,203a1e9f5d6e3df188ff377733ab28ba,de8d0d3f
000022b5,a1753b9b2f37c76a3457b42e44b9a434,de8d0d3f
0000069f,2537b4ba6d57bdab0d8bc8119dae969f,de8d0d3f
000006a0,03ebc576d9a67f6189d5c68769a0dbda,de8d0d3f
000006a6,998baae06e9fde792e7cf2c07731731e,de8d0d3f
000014f3,debed5cc6d51080ab1fc7984e1ca0194,de8d0d3f
00000ab7,cc9b31afe3b552583f4ef7317b12b592,de8d0d3f
00000b60,2d548283318e4dcdd3a524a2b8b157af,de8d0d3f
00001457,606a1fb83b066e48579b4e8d967f163a,de8d0d3f
00000a53,112f6355d3f8a024b6ab3e319328da7c,de8d0d3f
000006d9,01d023c149ff849bc4cb6f7e1825fc9a,de8d0d3f
00002493,87918818e296098def6986f6975d464a,de8d0d3f
00001a39,745f54b0de327201ba27aa92b274e0af,de8d0d3f
000006e6,ac757a50002a9e5e47486afaced3c715,de8d0d3f
000006f0,c16c850ef768a42c429625d6f378d771,de8d0d3f
00001502,6b56183dcb58decb2bdde8af4d39af2e,de8d0d3f
00001613,e7913e2ebb57d6f676365619cf771a6c,de8d0d3f
00001cba,d2ff9c15d4e7c0c4a4b63ce25ce757de,de8d0d3f
000006fc,46064b200145015d9f1495a5cd12e79e,de8d0d3f
00002582,174c3195721b5dbdfd8fef33808aae84,de8d0d3f
000006ff,bbb63a2892d52f6b9d8a1b5d481581ce,de8d0d3f
000008f7,3367d0ed8c8107003ac8af91bc1c43fd,de8d0d3f
00000609,c66181af1a2baaaddc02179a00cda8bc,de8d0d3f
00002634,29de4d7161b5116c10d681f86f728987,de8d0d3f
0000086a,1dd4d41835ac0278e9c24e19d4b60622,de8d0d3f
00001127,f567143bb83012cec16dfcf3872b5f24,de8d0d3f
00000728,46b97b684c7d5ddc65431b44e97a7183,de8d0d3f
00000730,02df242bea11dc529a1728314e3b5eb2,de8d0d3f
00000731,e6b9fce5cb95a409bb90b98d719f7bfc,de8d0d3f
00000732,18eaca953ea6012f0aa976bf2409e796,de8d0d3f
00002037,6c6afba148123c457426fdb8cf0e470b,de8d0d3f
0000073d,705a6bb3cba7e6e90a30d7baa031dd0c,de8d0d3f
00000743,cdfb721c3ae63150058c6d05add1f40b,de8d0d3f
00000746,2b04abc0ac490947d602bcfc107b759c,de8d0d3f
00001811,bd46b3ca54b3f36f6240482eec491b92,de8d0d3f
00002159,763ee5cbcc7f5e5369634caaf9d71a1f,de8d0d3f
00000755,adfcf77489ad8e1132b770c528352068,de8d0d3f
00000aa6,792f9399be4cf7853125bb790ecdd677,de8d0d3f
0000108e,2a38ad27b2a91f71e2cdf7750b8a0a0b,de8d0d3f
000009d9,88d76cad70b6863b396199133698475f,de8d0d3f
00000776,b8a68373599d457697279b996b138f15,de8d0d3f
00000984,c1255abfc3d41c4083b956973350ee8e,de8d0d3f
00000ac6,6abd383c129c79d3ca5900aab4980624,de8d0d3f
00000788,8470864b5029f43f77ce27080837a0f9,de8d0d3f
00000789,bbf13645bf5279146768f7676d931139,de8d0d3f
000005c9,00d8a6ca2c4e05270dfe74e1ca7c583b,de8d0d3f
00002184,aa5d6b0207563f4ee9068bab260b1fba,de8d0d3f
000007a4,90a0e73bcfd27feb271116b5e0444105,de8d0d3f
000007a5,3d079f3f4d128a5a7ff814be8c45435f,de8d0d3f
000007a8,cb447a7220b256ef2bcd6d6819b9f5ec,de8d0d3f
00000599,f5c7f70fd14bf448de637a4fa8b22d15,de8d0d3f
0000083c,1c9df139566496d6450a11f4663b5a39,de8d0d3f
000007b2,c7f09a07c43eceb1d199193c81cdfd32,de8d0d3f
000007b4,35292117c535174dbc4bbdeee0e984de,de8d0d3f
0000083d,39a68deee40c549c7a79c31b9c78778f,de8d0d3f
000001b0,c55f183a9a499f930c7029ab32b337e6,de8d0d3f
000010ff,32c6b0a057a751b67013f20ca49ada49,de8d0d3f
000007ce,54239b98de0b27e4538aff584c586545,de8d0d3f
000007d2,261254c4392de145575e6ba879c539c1,de8d0d3f
0000199a,dd8bae7853a7aba4aee6e5a0069d0657,de8d0d3f
000020cc,acc70f6b6894330660e87bb24d80f9aa,de8d0d3f
000002ed,9e3d8bd641f025a9ff34058a87734626,de8d0d3f
000007e1,7222d7dbbc3ad84a0c23facb4415ed2e,de8d0d3f
000004c0,10e68ad89a36010e76b121a37a0e964b,de8d0d3f
000001ed,1cc4f1174bb403e0f3d65e581eab9d58,de8d0d3f
000013d6,41f7017b4ab61585a4c2c05cd41fe71b,de8d0d3f
00000b2e,c9d45db19c0d6517d3f54f3e642dfad1,de8d0d3f
00001005,f557a29d2a0f03c413d65d2260e61376,de8d0d3f
00000f44,38347ed839a99bf3e5ac81d0e8e386fa,de8d0d3f
00000091,54e913a2c16a4cf22ddd780832a3359b,de8d0d3f
00000bd3,5bf369c3d5c25c2515eb0b2edb0ca84c,de8d0d3f
000007fe,ab2c9e148cb4e585b59267d7badaffd4,de8d0d3f
00000802,43dab5097a338dc3635468c70b07d068,de8d0d3f
0000219d,18478eff4611d2d0730dc92166932a76,de8d0d3f
0000119f,9b52e1f24e65e0a2e191b824182ced32,de8d0d3f
00000b24,d7ce681efa2b5bdb999c0d854c3b066a,de8d0d3f
0000232d,a78d4b33d4fa1e605b06a5cf5a8c4ad5,de8d0d3f
0000029c,2d0929b648767cce56ef88472d6f2015,de8d0d3f
00002387,24cf04a33994ba19efea89cd13384772,de8d0d3f
000026c3,6e7f36d12cd92d6ab93819fe306550a6,de8d0d3f
00001039,36da0f1b9ae68caf13f117d7dad50f34,de8d0d3f
00002405,cb38492af470cb386a2e184e95144680,de8d0d3f
00001a82,59fc65aa4804a614645c311e2f535394,de8d0d3f
00000972,e3b5e63c239b13bd22051b1aa16a19c2,de8d0d3f
000003ad,b7dbb0764480e449f57d0ac3a6c937ca,de8d0d3f
000022cb,092d5c79767e90dbe41ab950588f989d,de8d0d3f
0000024d,0d9d146a69d4999bc39d135ee6294f06,de8d0d3f
00000131,86c3cd9e75081049662f3b027b14e72c,de8d0d3f
00000a16,fc915d46c6cef2b24b7849a77e8b80ea,de8d0d3f
000025c4,0502d5c792b00c0a14fd7f2d2ddb3701,de8d0d3f
0000258a,aa22711bb88b5039b8a7ab7d82df2716,de8d0d3f
00000978,d63698f429c3881efec7f789981202f5,de8d0d3f
00001965,5b7420b9247de25755a2248ae86a5cf1,de8d0d3f
00000187,4055ebecada43e816d99ae319bc4008c,de8d0d3f
00000b26,4941f041fd9e85fc1cab01e3ee5cda75,de8d0d3f
00001b35,0e5f4a307a1c2802d1591099a0938916,de8d0d3f
00002052,59aa6c3c53d33d4e22cac5a9038f89c1,de8d0d3f
00001c6e,7bbd4747965c7d7735f65c72ff065174,de8d0d3f
00000df4,fb92f7bfaec181fde5c6be7e370ebab1,de8d0d3f
00000fd4,06a8efd179d4190170f7ec888d539229,de8d0d3f
00001a36,391c847199e124d2c1a2994df4c7f18b,de8d0d3f
00001695,9d78111fcdbfb22f6bace3f0ac82a45c,de8d0d3f
00001dc9,da81915d52f062c3f71d713fa38e2810,de8d0d3f
0000150d,2f632ee1b32282089e1c2b52de1091df,de8d0d3f
000013de,c1e673eaeb7b205ef0992906c8189665,de8d0d3f
00000724,7dba4a6dd96634149c13ca2db1b6624e,de8d0d3f
000011f3,246f573d4aa3e1b001efa01a14ac5490,de8d0d3f
00000c89,60993b2db032490f0c0c06f14c4fff94,de8d0d3f
000017d5,c0b876dfe159c15956fc96e0dd0fabae,de8d0d3f
00001b69,c5091c2295cae109981e940b2f656342,de8d0d3f
000016bb,0223c656560d2a062313ce34d2347164,de8d0d3f
000023ac,9e1667fb866356af729932dc5a6e28d4,de8d0d3f
00001a90,d18d2f0ec83724a1e9c6f2196a06e921,de8d0d3f
0000036d,691ad235821d444451c9caa5bcc7bae6,de8d0d3f
000008c0,1746f2098bd40c6cc310c89e60b2b5e2,de8d0d3f
000008c6,fdc3b639ae6c25157d1029b94a4ecadd,de8d0d3f
000008c7,a7ae3118e2fbfe08e74a04ab0a1f5773,de8d0d3f
00001384,fb59d86b50f24f4e0b9ed2a359d11501,de8d0d3f
000023ed,e80b19318e677a04382d68effa0519a4,de8d0d3f
000006ef,ad40ababe655ed963a6aef5c7a5bdc27,de8d0d3f
0000141f,42f1aa0599fd10ad3c758f598b061408,de8d0d3f
0000253a,bdf358efaaec71fbf6d1aea89984dd5d,de8d0d3f
000011c7,c67f34f516be26252b887e62815cea8b,de8d0d3f
000013a1,971adba8145775106038a43cee824c27,de8d0d3f
00001752,5af7beae7e5334d010a10fe11bc140c0,de8d0d3f
000018e6,61d4395c345016ddf6bea6c7c94b26a8,de8d0d3f
0000180e,4dac35ed05e054664de27751f73623c4,de8d0d3f
000018ac,3fd8dba568fbbf6d7d88c1151e525910,de8d0d3f
00002492,609e87b4d0a12f4bfe74560452c70d50,de8d0d3f
000016d1,e83ce65e73f5043e2cdb7a58d453990e,de8d0d3f
000006b8,704fc4cade1bc0a1b3f3d07f44e5eec2,de8d0d3f
00002299,23c308c544ff2dd9f6137a2687c2d8ee,de8d0d3f
00001f55,b06ab5e175b5b1c4605e318d697ea0cc,de8d0d3f
000012f9,11b708ebc9bbcaa0938e2af99f919725,de8d0d3f
000014e9,bcdd2d29d753448012bf20cbaeb4fbb4,de8d0d3f
000020a2,6d1e44d6bf840043baa4cc735082b38f,de8d0d3f
0000234c,ec6fcb32d59c2e48d5c933555f6873c6,de8d0d3f
00000919,ddfe5c79b0196fa6687ec4f0323d7313,de8d0d3f
00001afc,8f518d45b594e49250403793142119ab,de8d0d3f
00001ba5,18b2f2277e2e1ed6b6609feb6d51ec55,de8d0d3f
000002e1,513691b6e84fa68297ae0115c6df320e,de8d0d3f
0000128b,707093021179aad45e74f66fbb27a0a8,de8d0d3f
00001ecf,ef7a23ec7b8cd640e36938c1eea110d0,de8d0d3f
00001f8c,1ebea4cec69fa247557838e4a230794d,de8d0d3f
0000085c,023c30fbed66c1fa9cca8fff1bcd6ba8,de8d0d3f
00000c8c,e680e68ab493f6df8f115b1b2c1a3f34,de8d0d3f
000025f3,30a55342047d29a78b38b2be1fc6208d,de8d0d3f
00002142,aed293981e2d39d93579733e9a32a835,de8d0d3f
00001550,b2eecc26ccd5f7d7986328bb174d14e1,de8d0d3f
00000c88,d99600fc50a0155855df153af1529c0a,de8d0d3f
000014f7,76791ce05cf3f3a607fddaa5e1492c97,de8d0d3f
000009b9,2ad73f156cadd7b8537737fee680f3d5,de8d0d3f
0000215c,ffef33dd6efe7af3aa8f94282334d866,de8d0d3f
0000029a,6f81f95b5a9937c1fb9e6a4b3f79363c,de8d0d3f
000023be,d17cced5c45f5df3536e856913cb4530,de8d0d3f
000005d9,0058c0f1a8631d1cdb85f0d26e237fb9,de8d0d3f
00001e4c,c9cc3ff9eb9575f70e19dfa68ee7d92e,de8d0d3f
000012ac,659c5dabb38eee9abbb7cd5ad66bd5fc,de8d0d3f
00001223,f31a0da56082c2dc516b23db3bed81cd,de8d0d3f
0000096e,04ee4da5146a60cfd1e6e26141c41e4f,de8d0d3f
00000f9f,1c862b29c062970850585fd1dc1a31a2,de8d0d3f
00000fd0,1d530304e54b6597a4c0340ea28ac81f,de8d0d3f
00002410,5368c8ed270e1d432af6af4687010dba,de8d0d3f
00002191,dcaa45b5ed402bb87efd0a40a87b8bbb,de8d0d3f
000015b4,44d08da09d821765a51e3eb38a44d3aa,de8d0d3f
00000fc8,5407782ff808f6891be74e36db72b8c7,de8d0d3f
00000de6,7ac3b7094e5addc631890c5268527175,de8d0d3f
00001126,19b87c86b140ac81c10bde753dd1701d,de8d0d3f
00001ba8,5b18dbadb33bfa18fe242699293a1c24,de8d0d3f
00000d9b,2cd993360f0313b5783d61ef3e03b924,de8d0d3f
00002702,5dc71936bbec69124469d64ad56af082,de8d0d3f
00001bbc,7d74ce1d119571c6d38c51b585100b3a,de8d0d3f
000013c5,e9521c5662c0e42d491c6efbd5788071,de8d0d3f
00001611,7c66a5030110fdb5970484b7c86f2274,de8d0d3f
000019c3,5760142662a6b72277bcdb582a1f95da,de8d0d3f
00001532,61bdcf6f633901ebcb5666cf75002e99,de8d0d3f
00000b67,053da5c19390dd37e7079ca6c4c1bf8e,de8d0d3f
00002620,57954fd77edb328bf45c3b60b43b3f5d,de8d0d3f
00000f8d,c2406eb14831eaf948dd9804f4ee993d,de8d0d3f
00000930,043ab3db84b07523eea9757627bf9b6a,de8d0d3f
00000eb9,40cf56fdc31ce73922eca622e794f6ed,de8d0d3f
000021ee,9f8f0335e9c8f63bda0eda84a3e92bc4,de8d0d3f
00000a19,9f1cc7b6037a17ddc8f833216d16653f,de8d0d3f
0000165b,49b0d944cd9d12c90962fd702f10b2b0,de8d0d3f
000011af,6cea658c1f4f69682e0ad124a25cd4c7,de8d0d3f
00001ca4,d8042e42841542f1b0ac5db40ace2a18,de8d0d3f
00001ac5,a3f88b2bc3e274c64fe543cbb99cd126,de8d0d3f
00000a03,d623c80993c9a4e3e364159ee2ffea4d,de8d0d3f
00002071,f79edc10b7090e90f3b06c77e0fdd4a8,de8d0d3f
00000545,1080cf62b303a40a24185c0b5713ae3b,de8d0d3f
00000a17,2f3905748c1bdf1d6a3001b80ff252de,de8d0d3f
00001a81,683efdaea2142c80e77a35f34207d214,de8d0d3f
000005b9,fbc70f5fc7adde8a82bf5645b7433581,de8d0d3f
00001914,234a24c1c0a9673479f2a151e223ede7,de8d0d3f
000021a7,c3794bc2b42059363f0d6adff4d1252c,de8d0d3f
00001f87,d7876f030702c51104d46f61219cb7a1,de8d0d3f
00001229,5e091b0a82f42a54ca86f562f1437bc7,de8d0d3f
00001e55,a4295badc6628a63c10d5768bb05e043,de8d0d3f
00000a00,001d2d7c3917787dc2fbb3c2d6c0ef59,de8d0d3f
000008ca,c3ead4c8ba406fa1e571180e4dd5c916,de8d0d3f
000008db,08e829d6cfce1a24d605d81e75b8fdfb,de8d0d3f
00001e8d,866c3be7ab15078fd1ff5d8a670e989b,de8d0d3f
000016fc,4b92e716531c0749feb59e431c9d6812,de8d0d3f
00002211,15f63644a896e1b7c67a07fe300c94ed,de8d0d3f
000024af,691c9d9ba771a4b1f374c3b696d83123,de8d0d3f
00000f8a,ad872f381d9a789fb3fda48aa16691ef,de8d0d3f
000004c4,72482c91787d2e7b47ef73ce01ad16a3,de8d0d3f
00000a64,19476de3fd4dc95e2c1aec54da7aa2a0,de8d0d3f
00001754,79782dd08a3d7d47e1f041a9b2edb72f,de8d0d3f
00001760,112a982545723538136d97be7ef633eb,de8d0d3f
00000a76,a9d36a9de1672f6eb25241452b3314e6,de8d0d3f
000011d4,da94ca4f909f2710d3ebd5aa069b39b0,de8d0d3f
000013e8,cca5ee0a34bf903d30c120a3e21bf89e,de8d0d3f
0000142e,f41681bb5d984f8249dd91a3ec58252a,de8d0d3f
0000197d,391be231fdb5ea213ef7e3d37590e352,de8d0d3f
0000137b,9b6bacb6bb4b77be680482bae40f8625,de8d0d3f
0000163d,4b61c5082fd19e6dd67d6196fc3a80fb,de8d0d3f
000015ab,4dbbee29da2ee23c7c96593c02c444a1,de8d0d3f
00000ae5,67928d8d1d2082beb75ea9fcdf240ece,de8d0d3f
00000a9f,1b4dab4f8526c18ef41d7492e5c04ac8,de8d0d3f
00000aa4,65402498773c304141096a429ee45652,de8d0d3f
00000082,099813250927c7642c018bef523c5c1a,de8d0d3f
00000387,5d9ba1a0f11e6ca527c35a3282f9d113,de8d0d3f
00000306,7ee5d0f4a41de71d611048485abe9bf0,de8d0d3f
0000162b,f4348479e7da59a839a6588fdfdb65fb,de8d0d3f
000007bf,6d2d33d4dd7781560b14f6a9a613b588,de8d0d3f
0000064c,0dd5bcc4bb5efe63b172b79fe7ecfb68,de8d0d3f
000021a6,1603b4f89b105b7cb5b81c327a56eaae,de8d0d3f
00000d17,0846ba732a114b1d6736f9ddea6efacf,de8d0d3f
00001a1f,e73036726c7d3e9900d5f03aa93ca2df,de8d0d3f
00000e17,a1ecf6f7822fb5f5506677871625af3b,de8d0d3f
00000135,03536c978377e9eb0c16c7404ec1e145,de8d0d3f
0000056f,e41a96c11c13cb1247e491e0d86b715d,de8d0d3f
00000aef,ff1b0b48216cb9c0f8f6f028c8bf7c6a,de8d0d3f
00001faf,8c21c09fa211364ecc6e0cf7e60730fa,de8d0d3f
00000bf2,56d856796c306d56a883a5ebb22c43dc,de8d0d3f
00000b00,a739f616ece7003746944f0d233dabf4,de8d0d3f
00001742,f648c87cf1ca1a43a499c5fe46f6287c,de8d0d3f
00000321,ad9111c3212c318a99aae8fa294b21f2,de8d0d3f
00000e79,5e9458e50e20b675862363b4cf13a1b1,de8d0d3f
0000097a,7a32fe4c5de9a8a4b2b5297fd10d5176,de8d0d3f
00000782,a59f232490b3e07619861164bc3b2309,de8d0d3f
000014f1,79f6791e88d81b3e7c4a1481918699db,de8d0d3f
00001158,fa021df2a898d3d84dfa4c6d65acc033,de8d0d3f
00001975,2252e424298962a11dffddeef1076aae,de8d0d3f
00000f42,67fd4ec696e9e2cd7cfdd27c18c4f2db,de8d0d3f
0000129c,0ca935950791d2fd0df3cea181caa212,de8d0d3f
0000081c,c0a62c5748a767f18eee6671f1575325,de8d0d3f
00000a14,dc46ccd4adaea7968e42061e23830534,de8d0d3f
00000b43,0b704b09aa074f0d55d9a7aa358e0ddb,de8d0d3f
00000867,dd192f80b04ecaa84a54c72f8e9a9cd6,de8d0d3f
00001215,f93319237469e5d798c0ceadb091ecb4,de8d0d3f
00001685,53c6a3d0a2d0fa85cbe6fb353790d4c6,de8d0d3f
0000084a,2803e669a8a056220c6d1bb60630a4f5,de8d0d3f
000009e5,739d995d8c802eeb6bbc17dd76356ea0,de8d0d3f
00000b58,177ed792d5e4fa08be9807543ddab26d,de8d0d3f
0000269d,fbeeea57eae582b0d8220c26f4997c6a,de8d0d3f
00000307,6f9e15c50e171c2a6a5f6f0db5b3391c,de8d0d3f
000009f7,8c47297b577a0acbb9261c74370d6333,de8d0d3f
00001922,f71e1f83406de3d5fe9db2d25ec71929,de8d0d3f
00000fa4,b7cfd3682843577673f9dd5c721e4436,de8d0d3f
00001157,e5ff4ca1912c0f0c377332f630886c98,de8d0d3f
00000e69,de667b053cb5229a199d94977de53e10,de8d0d3f
00000b32,efc1897dd2f5a91496e1831727de57fd,de8d0d3f
00001ac9,4e88c1205ddc5bedf21fdd58dc862963,de8d0d3f
00002281,525f20a7abfea87a9097d9e56fb839f7,de8d0d3f
000002d0,85e0dc82f05db628647cbdaf4deba0fa,de8d0d3f
00001091,9c22da6ccb6455dc799746b1ba58f48d,de8d0d3f
0000053b,c2f55c881794d2ad10ebb767a2b61027,de8d0d3f
00001367,e242a8b00443168b1b62ecac5228dea2,de8d0d3f
0000225d,22f15d458aaf7388fca12654179c0633,de8d0d3f
00001ed6,b410ad67b96f5e8abd6016a4b0bcb833,de8d0d3f
0000170d,5efb9fd483c1713399766b399ea34a42,de8d0d3f
0000048b,c1976e3f73373ee35c9a704f24e5f6d3,de8d0d3f
000015ae,1c756db397752746ee625558da4b17e0,de8d0d3f
000019b7,3c8b9429ac5b6721fce35a3c5e7934af,de8d0d3f
0000211d,b85e9d77bec0d27dab6671db3b19477b,de8d0d3f
00000bae,4b3c9e30e476f0dd3c3498fb83c3d17c,de8d0d3f
000022db,188938ce7beb7784a9f42c4f959a59c3,de8d0d3f
000018a3,2a475d68d1cb6631ddc5f2aec0db7b5c,de8d0d3f
000006d2,265da3f9fce063e0f5526b08da91e513,de8d0d3f
00000a11,44134eac5ec564aeb4daa1b7c1f76789,de8d0d3f
0000073e,a2db36ce0dd5f30635de88d4b03c022e,de8d0d3f
0000179a,29c04dc5dd4cd904df58b639e882ba35,de8d0d3f
000018c0,7205afb9a1346e3423ceb026dcdd1a34,de8d0d3f
00001c12,23e9e6c7896044e397171d88eaadcf78,de8d0d3f
00002503,7c20248280bb14e5762024f42c7b6c62,de8d0d3f
0000126a,a9e91deee01ce273558230ba6c97eb60,de8d0d3f
00000cce,8eaeb9eb7c7f602b6db9c78ef3d883c8,de8d0d3f
000017e3,62b0ac902284b2d852a5f107d93dd059,de8d0d3f
00000e63,8b5add7e59906430b3656b175dd43c8d,de8d0d3f
00001a96,c4e312cf8e4b42379d7f17930537913d,de8d0d3f
00001d95,6b18deb32cde39841c3895b9789db6e2,de8d0d3f
0000216b,06ae78f315a0ee601578d81e588ed94b,de8d0d3f
00001a45,aaab62a7769eabe2bad839d12ce47e00,de8d0d3f
00000083,5a83faf11399f218e8ff2bc91a220b2e,de8d0d3f
00000b99,794ec9fe753d7b211f19c5ef1fca827a,de8d0d3f
00000cc7,1465bafd31776c7c23f6a040b0d9d765,de8d0d3f
00002058,f9a8ea9ca919e87e2d5e77eb9d0d23cf,de8d0d3f
00000921,3ac6f1fa5064155bd8ede33506e808b2,de8d0d3f
0000199c,fc7501849d109988ea853a6da24fd7db,de8d0d3f
00000c98,2341f58ecfc3cd1f0384b10d289fb6d2,de8d0d3f
00001d79,61fb647546db28d7d7275ae20849be8b,de8d0d3f
000002c8,9220f3fb4066474a31e0f67170f72b85,de8d0d3f
00001aa8,0a3777f6886734469b33b3de27548fdb,de8d0d3f
00000671,1bca821fa2a9ac258966b1c0827201c2,de8d0d3f
000000b1,3bea580d87bc2f074bacba8d9b588125,de8d0d3f
000017c8,d36d607dc3e4d7a238d06c95b918edcf,de8d0d3f
00001a8c,38c5e17f20b61f02056edd285532b6bd,de8d0d3f
00000840,7e893d914d2c4efe7ffbf3d7152f61fa,de8d0d3f
000002f8,794ac161e5fdc430bd3ef0486a0a34ea,de8d0d3f
00001299,442e67449c1576d81f6377259baab889,de8d0d3f
0000071f,43526510382ec771c78a1f5a08d50bec,de8d0d3f
00002013,b458afc1ce4c1b9a965874d9787799cd,de8d0d3f
00000d37,2ab1f438b13a81424fd4537cc0c341a6,de8d0d3f
00000063,61dbf6e2ce8c5ff6e2838b712c3c9da0,de8d0d3f
00000d4c,4309e343a039b0caf1a415a643048228,de8d0d3f
00001bb4,52f1896bf9fe8850ab27be2f3bc8a232,de8d0d3f
00001904,3fa8b7982c1aa70242990f7a36190103,de8d0d3f
00000367,e0863a6b706ef563f1174222fe246b85,de8d0d3f
00001d8e,31fbb80b4e4db150f5f1a3ab5672d60f,de8d0d3f
0000250d,3f6f2b04e588a8fcc7e01a1921561854,de8d0d3f
0000041e,bf019440cd13e667e4e3c6e5372b92be,de8d0d3f
000018fd,f7ee0a352271db50b0a9d94a641d180b,de8d0d3f
0000220c,a9ec1018b39cc96f70bdd5596a48b91a,de8d0d3f
00000df2,6a3759dcd535c77fced1e33574b066b0,de8d0d3f
00001f20,58d62af1848a4ea2b242e24cd5daedf8,de8d0d3f
00001ec8,ee03617a51320cbbe2615f34653d9d7a,de8d0d3f
0000221b,59320d8ed10bc16ad3f41a866728f032,de8d0d3f
00002358,ab835e7357ecc62ec09f7cf9ac62d7f3,de8d0d3f
00001ecb,ed60e880cf8497ec6ea91b23aa69c862,de8d0d3f
00001e4e,baf5c190a572079d9f03233a15d3b50d,de8d0d3f
00001a4d,1a04c6b0f1ffd422988d93613a28ff3c,de8d0d3f
000015ca,cf61e156879b048067ca2a2eef26ba01,de8d0d3f
0000085f,ba37b7d5a8de390e035b4f0b1c030475,de8d0d3f
0000230a,70e8ac477639dccf96418b0e8d3c2eb1,de8d0d3f
000010c5,2a144e4ff6fb98491e65d8f67bd46819,de8d0d3f
000019e1,7f6707d1019a6fa191217d3d10b280ec,de8d0d3f
000023f0,bb7e8c1286656521a6e6e2b239a92048,de8d0d3f
00000970,18a1f39e5badcba1fd049ff623496826,de8d0d3f
00000496,6228c4cb5682dac687e749a97caa3e87,de8d0d3f
00000f8c,f3f0396f4b84635fa49b769dd59c6082,de8d0d3f
000000e4,924cfdca691d0d2d682453ca297d7741,de8d0d3f
00001be5,53a70f68f69b029cccbe8ff94d3d9eb0,de8d0d3f
000002de,bdfe3074f4db03171044e31bb62e542c,de8d0d3f
000026f1,e84e68bb88e6b6d43b1967e75c24dad6,de8d0d3f
00000173,dbf8f7c3d60e9aadba470997b808d4d6,de8d0d3f
00000339,061e8f29f989e1cc865c0e8f48dca574,de8d0d3f
00000793,a72c04ad9fb9cb46003d15220a47944c,de8d0d3f
00002108,0eeeeb8332390826b063330b75b3df12,de8d0d3f
00000433,4c4d9f8b3a458c0313b9d0b248030641,de8d0d3f
0000086c,938b85f9e4278e6fb3961d5967e22f42,de8d0d3f
00001f2e,771d5d9e9e2645de6f39f1aa4bb3fcdd,de8d0d3f
00001555,0a99a4d4cf28d85204f916cb44e6bc54,de8d0d3f
00001ce7,61c067320d7f98c2e83855bb636f61aa,de8d0d3f
00001f92,1adbf11efb8af3d90642cbb01efb32d7,de8d0d3f
0000006c,3ef36dabb778029bce6ba17098395c96,de8d0d3f
00001d1d,dcaed040d89fd3d57ac0cf3e0c7b23d5,de8d0d3f
00001cb5,593c2141cf0197d163570e44276a5866,de8d0d3f
00001355,67f00a78d936b83e0d1df69a16a61ef2,de8d0d3f
000017e2,64cb76a1adaa145feae4e4055dd251d6,de8d0d3f
00000364,66052e5ec35c54e48eff94d255ae3b2b,de8d0d3f
00002644,c06a3bd001e0df3acc0c20666a392b06,de8d0d3f
000025c8,9a72c63cff5bff57d80781e7c13a1916,de8d0d3f
000019c0,44779dde3839bd985b4a661e5ed766ca,de8d0d3f
0000268f,6c71473dc16946ba049dd01b185f53dc,de8d0d3f
000003ba,89422f733a4f0c4d7f7df3b3fc076bb4,de8d0d3f
0000179b,2cb5847c076600c102ba810521eb1c40,de8d0d3f
000025cc,f4afa71bf81cfc22d1063da1882cf70f,de8d0d3f
000012cf,34e71955c3ed92319242f869fa416349,de8d0d3f
00000d4f,91d21d0759662fb2c3c8dbda8ff4f5d3,de8d0d3f
00001bea,b42616e7686e6691ce439fc9c92fb471,de8d0d3f
000013a8,215be8a08f20ca818af8ad35c474c1c3,de8d0d3f
00001c88,058783973cd0ce829f085d746b9276d8,de8d0d3f
0000008e,99ee518388430c1bc3320c710dcaafba,de8d0d3f
00000dc9,bd23e60a00523d58bbdc7479961ef9a0,de8d0d3f
00000f28,6cc85372dc45266e36bde166be526def,de8d0d3f
00001e42,839266ed266601ec48231e273ab6589b,de8d0d3f
000009f6,3674f2623e2b4170dadf87776d939163,de8d0d3f
00000369,57de4f75e437fb182f4b3dd75c8dbfe3,de8d0d3f
000022fd,ae580d22c2f9b72e81feb463c340cd9a,de8d0d3f
00001de1,111dfe2f34e5753dd46e468ffce77897,de8d0d3f
00001cab,35e845eaba614d20b97e171fccfc32f0,de8d0d3f
00001be6,b7f52eaf946054e930b3a0548c59b78d,de8d0d3f
00001f49,6b1a75607cba897d1c259b448b1f5cf1,de8d0d3f
000026ab,61e6a305013311e0263bbc1182d35655,de8d0d3f
000010a0,ebf8d5e3fd80ce2df2034e14b79f8208,de8d0d3f
00001ab2,83a6d752808b9236926d233eef4b32f8,de8d0d3f
00001ca5,b0c167b53c719db5d01391345ffc7aa7,de8d0d3f
000026fa,319b31b9d91e2079e9c714769743b375,de8d0d3f
000001ef,8d09689584954982c17438cc3b936ca6,de8d0d3f
0000056b,419b873541f444cd3bef1ad54d140ca1,de8d0d3f
000019cf,a124cd8e003ad6ec61fd7bc16e312390,de8d0d3f
000016a0,b626fa9f80f3e880ce3e91ac2c9e73ec,de8d0d3f
00001f54,ca882d4f4eb1a5dd01a77b7796acf114,de8d0d3f
0000047c,36b9487397a912025920b573ec4650b1,de8d0d3f
000023a9,54d4376ce51cd6774f36b2a1d79df572,de8d0d3f
000020f2,92863b12f58000516af9b53eea200073,de8d0d3f
0000002c,d1b8f4b75f20f3fdf5d7d0afd030f6b4,de8d0d3f
000021c9,3eba15d5415c7897fc13cb20c6ff74de,de8d0d3f
0000017f,38b4cf8b49ac0c67106207df304e239d,de8d0d3f
00001701,dd92b2bed40889c0d67b4570f4056cc2,de8d0d3f
0000112f,e1214c14692ff25f8cfe713660426333,de8d0d3f
0000167a,6e4cd604bebbaa96747d088b6c3202bb,de8d0d3f
000003ab,431f51fdacfdeaa6e79c6674daf91c1d,de8d0d3f
00001a0a,b08b204b703562a7df4eb9742aa85a39,de8d0d3f
00001c14,06981978acfc1676c3ae5c1fd46fcf71,de8d0d3f
000016bc,5304f00a4da70b2cee7c0843d7202535,de8d0d3f
00000748,239d823e7cb96a0c5e40e1388f3ce923,de8d0d3f
000012ad,014076367e9229e356df10856fcb2682,de8d0d3f
000002d7,91a4c1f714ec57532055033d82764caa,de8d0d3f
0000202e,b473cba16782c1d6946ad53bf245fdb3,de8d0d3f
00000c14,8e1a55423893fbf328cc755067b5d2f9,de8d0d3f
00000e38,71c1411afda14c30eb0316579338204f,de8d0d3f
000011fc,bf9bc28679990a215b97c692ddea011e,de8d0d3f
00001f16,67702ea1462a1aba296d67de21c02180,de8d0d3f
0000266a,ca0d44770b75e7384a3658dd0ac2bca6,de8d0d3f
000000c7,5bcdf8ab87e6cbed34e9d2bae8bd2273,de8d0d3f
00000019,d9683cdcdd00502a8064c9822077e671,de8d0d3f
00000199,7c07c906b3947f86a0d695441029c664,de8d0d3f
00000692,6418ae82d871829c518d545a69c039cf,de8d0d3f
000024fe,4ab5cfb3fffde207ded157d78b3aae98,de8d0d3f
00001669,08b2df21ca4dfa42ea9346458f58ecd0,de8d0d3f
00000e1e,1303f2f452e43e340c0475c8e28451b4,de8d0d3f
00000232,d935dd66480a96a6c6a7636c0ecd6692,de8d0d3f
00000620,52a4f2ad8c04b6ad71b0533fff8aa599,de8d0d3f
0000224d,10b24438ea72b3be89544945ff76f64e,de8d0d3f
000012f7,4426e0bfb3830992a622071bbb5ff0db,de8d0d3f
000024cf,c4c9384d3ea6789ae40713453d449382,de8d0d3f
00000dfd,c84761a430b27ace8d54f6944a083c88,de8d0d3f
00002006,e5b7e0962984cf4bb92ac5a8cffb9c4a,de8d0d3f
00002673,bf91acd08c47f7e1a390644da5965769,de8d0d3f
000005ca,dd8e7d30c8228455cbed5ceabbe5b682,de8d0d3f
000023e2,e7d1aae1958b6182d5b166febe722319,de8d0d3f
00001a84,f1aef65a243fb48df85bae648a67fa63,de8d0d3f
0000117f,31196d0bc5dfcd6cafc610c73d8afa1f,de8d0d3f
00000137,efb45c7910a0877ce561cd086068c3cb,de8d0d3f
00000eeb,a089683f16a611e6d620058dc9ace2d6,de8d0d3f
00000ebe,8b2870f776f965c9004ca22383c5b572,de8d0d3f
00001e9f,9032713c49dfe5fb64976650f2d09469,de8d0d3f
0000021d,67541777437076a02d679d68d976a9d2,de8d0d3f
00001883,a8682b0d6155a37c5ac963c67bbc38b1,de8d0d3f
0000148e,60ce578ad9ee8d7d3bbfdbb651b4b33c,de8d0d3f
0000046c,85a2dd470d98caf874878c52295da9f3,de8d0d3f
0000257c,f9d1c8386b37661944a0899134e37159,de8d0d3f
00000824,7cc31365a24116d319425231996d5a64,de8d0d3f
000009ee,89bbe4258843cea5972a1fac121da306,de8d0d3f
0000089c,73157ed71846f3439f57140cadf4abd4,de8d0d3f
000026de,dd84a60d1a6320e46e10effa007fded6,de8d0d3f
00001705,c68e912291b793e84f6f096394ad7128,de8d0d3f
0000227c,4d00981b004d2d029d0d196eaf0cff76,de8d0d3f
00000fda,9fab827765c1fa72c481706b8ad6b4b7,de8d0d3f
000002bb,170d5801d49a427a72b08a3542b96346,de8d0d3f
00000b1c,3dd57c12f5e1aa7ffc00ef36271a069a,de8d0d3f
00001c5b,9c392724eea522cbfc0582b8c50b5d78,de8d0d3f
00001c06,d3d037f56ad81ace45cba86c9fc6d817,de8d0d3f
000009c7,a7957e3ea914e2ed8e3ff9b4c9d47e1e,de8d0d3f
000020db,3bd448df0ab34e9af863133ebf245f42,de8d0d3f
0000004f,f807d32d4b1a80c04bbe4ac488c9b2ee,de8d0d3f
0000009d,3f448163b36d28d416ca63696d940b28,de8d0d3f
0000240c,6b9b4d28c75e5b26b6c68e5dd967e4f3,de8d0d3f
00000ad7,a9a68fe84ea0d9328c67303793f35ead,de8d0d3f
000003f7,5695d20f9beb2b5ffc6260de26b2d9b1,de8d0d3f
0000110b,60aeba29fa08ac423f1000a78e435c0f,de8d0d3f
00001d8a,69eb8dc816a187a05498facff226f964,de8d0d3f
000005d7,a470d9d3932a09b643752b7f15a637bb,de8d0d3f
00001485,eb2ab47a56965b25ae3cc4376238791d,de8d0d3f
00002218,1e95aaffb1e575984c714a52d68fcccc,de8d0d3f
000020e8,c74709005959652f243253144ba71eb1,de8d0d3f
00001f74,1c12b81cbd24e9a1f89a056a7ddd2ca5,de8d0d3f
000024d7,191bcb4376b9fa0d9b442f915fce90cf,de8d0d3f
00002449,c9e97e739716ccb0f76ef183147106cb,de8d0d3f
00000daf,53842938c3f1eafb43b8aed1acc31dc5,de8d0d3f
000009a5,4a304694bc4f203f29c16158ef6d1dba,de8d0d3f
00001d09,dc826d74a8b0720b7d21fc88bea16fcc,de8d0d3f
00000f7c,0d0ad59e106ef3c0321af87763926618,de8d0d3f
00000dae,982ac53fcf4276513c0e7042aace7ba4,de8d0d3f
00002689,5b91ff19e0d41cbdc266c391fde07229,de8d0d3f
0000207a,cd9e4d3b28893a3137bcf314a87db4a7,de8d0d3f
00000158,d01abdf598f4c76947454bd1eb0ee5c7,de8d0d3f
00001981,f7f48869bf2d0c987b1291ec4b52f145,de8d0d3f
00001bcd,345acb995f0726f64b9231a21ec267a1,de8d0d3f
00000ee5,479caf9b75fafa813f94fb1e9874f843,de8d0d3f
00002500,5e15a711ad13af4770aee3e470ad1dea,de8d0d3f
00001d57,c4cbe767815ccd377e5307d10fc5bb62,de8d0d3f
00000fb6,e3bec96af148cf7c0b91942340667f4b,de8d0d3f
00002470,83e3080e1f16327f77e9593f2bfda475,de8d0d3f
000014b8,50e1e346f576d06be5ca7e23ab7b9cf8,de8d0d3f
00001c17,51bc949733c42278784e363923c4abe1,de8d0d3f
00001de3,1decfcf1a13e2f753fecd9c1d9237aed,de8d0d3f
00001d00,908874c9f1b21a7af915212166e57dcb,de8d0d3f
00000c46,292984458c84e2cd2e0d648630521c06,de8d0d3f
0000075d,8a1a47999ad60c9cc8a869182b5ec838,de8d0d3f
000006a9,52ed4c3712a45b9f16b32f82563ed4f0,de8d0d3f
000025ff,bd8233f17685ff1c1c04c24f825a0a66,de8d0d3f
00001275,3a2dcaf6642b981626950936ae9a7e31,de8d0d3f
000018a1,7d925c06472213a2cad99a39fda29fec,de8d0d3f
00001b0d,044b67392f260356d4092ada7be82ff8,de8d0d3f
00001b54,ad3c22f5d0024c01a41e684c09c39ef8,de8d0d3f
000003e8,31ca7b0a10d784065504f346c139cd72,de8d0d3f
00001806,fa93a242149d85b570015583e48ba2dd,de8d0d3f
00002032,8eba01e71d30c8b7f441879536fe024d,de8d0d3f
00000f7e,03e564397d46811f033198202f197583,de8d0d3f
0000020e,36f71a1364719ee0a0fa149c7230e372,de8d0d3f
00000f46,4537d7ca2acd6ac476e0cdd29fa04f1f,de8d0d3f
0000044f,ed1c5296c050c899a24a0518ff74c805,de8d0d3f
00001dde,8425f3aebe3de653188082ad5348c961,de8d0d3f
00000539,78b86c9c76154f17f0039172f00157e9,de8d0d3f
000001d1,611beb5c8cff0af1d3ba6bb1956de6ad,de8d0d3f
00000f90,4c1ff004233d371e5bc6895a9b927784,de8d0d3f
0000014e,c863f711c14e1793cdab64a0aea498a2,de8d0d3f
0000023a,568b28509927390a102f8b2da2d6f6d7,de8d0d3f
00000ff1,4a1a1ad4e2e6891d6dcfbeb45820d1fc,de8d0d3f
00001193,f3bae81e2d0a00bf9a39114c550438bf,de8d0d3f
000012ee,d94456834d4c02c5f9e495778d2645bb,de8d0d3f
000019bf,08b1e2e6cc7a5d951976da69321e78e2,de8d0d3f
0000268c,a9dbb1932f9022de1683fcab5c9d7967,de8d0d3f
00000de0,d2365b93b67bda1afba7444be22f5e2d,de8d0d3f
00002463,fadc3adcfb97bd2417c028ac49fde682,de8d0d3f
00000df0,a495674b2114b37176c447d52d2b7d83,de8d0d3f
00001fbb,332d08ba1b618b66d552813fc74bede3,de8d0d3f
00001581,4542c1141636940f07af7636b5aae465,de8d0d3f
00000128,2767d85779eea2b56e3cbeb4f25d271a,de8d0d3f
00000c6b,62dad8adb049f7c20041e41dba4462b5,de8d0d3f
000019a1,043a4e39a567be4677d185883379ffd1,de8d0d3f
00001bb8,4dab44baebaa2c29e6dc6a0093130141,de8d0d3f
0000113f,32e63bda19880cc4eff782329c67d6a1,de8d0d3f
000001e8,7616e8a88fb1676f5c0fff48eec024af,de8d0d3f
000003db,a0a310d5212292825cdbc2edfe3306d9,de8d0d3f
00000045,e7545edc76e4da12f1477e999d9ac923,de8d0d3f
00001ea0,3b6395ad5597a353b392477a1e9492fb,de8d0d3f
000026ae,36a955881af9f8d086b894868e60ae76,de8d0d3f
00001ca0,0b0a570ef20d78ecc2a6ef5433a8043e,de8d0d3f
000025d5,1457e0569ecee56939387332449a191b,de8d0d3f
000019db,cdd3da3dbfec0f20ede7336505e4ce89,de8d0d3f
00000573,9b65dc8dfd0eeb49276b905a5bd97d19,de8d0d3f
000023f9,c514a8b872dd7d15b6d8a668795c49cb,de8d0d3f
0000012a,4e310da0538e601bfc1a8a3a96b08328,de8d0d3f
00001481,2c7bc74bd6f53185f86bfa3b2461e2c6,de8d0d3f
000026e6,97ff2a58be8c90604a322a66e0c364f7,de8d0d3f
000008e4,26d158c672945ba6821e42ca6c895c7b,de8d0d3f
00000c17,755753381e16960e9c0fc346f9c316b5,de8d0d3f
000013a2,b503740d2ed17adaa92e22e2f4d70095,de8d0d3f
00000e6a,f6129a95e28f2917bb728eaad85c1931,de8d0d3f
0000003f,2932adbce3ab9838309bca1b95e4382f,de8d0d3f
00001003,0d7f79979c62841ab8209e84086baecf,de8d0d3f
00001d7e,f51ee83835bc404a435dd464f3d4bfc6,de8d0d3f
000007ee,ca18641e7505dba7721ee3fba2864bf4,de8d0d3f
000016a7,b55af6592693c37ffa0d65be5f4fcb62,de8d0d3f
00001477,27100ccde1fe24d3bf396eec9e0f83bd,de8d0d3f
000025bf,ecd8865bde7cad298bba92c61d1dbfd9,de8d0d3f
00000a35,010b5640ed13b0bdf3572e2b94cc90cd,de8d0d3f
0000248e,57b5211e567cfbf245deb7275eabd9e1,de8d0d3f
0000230b,acee46337402083918ca62c19bd80434,de8d0d3f
00000ef2,e824c121dc9e3fc252a9b748ab9ea73f,de8d0d3f
00000f05,3ff93b18662dc6e4e3517286fd40fa9e,de8d0d3f
000021f1,f94d0b4755f285344156076336a8c451,de8d0d3f
000002a4,792a8ae4ee33765ca564b621c46cf713,de8d0d3f
00002419,f7b1f17b869e288a3f79dffc7698270c,de8d0d3f
00001b72,891ff62ee6c20db5f24945174acf2d73,de8d0d3f
00001728,44175a08bcb0a28718befa0f35ad2bdb,de8d0d3f
000004cb,16adbb0529f8af8b38e08e751aecd98d,de8d0d3f
000019d2,ec7e0db1d68d54f5ab4032774a93576e,de8d0d3f
00001f14,ab602b6713f0702a76d15066e1fcbfc7,de8d0d3f
000002b7,9014f3f81782612266302ce2204f291a,de8d0d3f
0000215e,d3c76f021d9be222f307ba688b393f9f,de8d0d3f
00000253,ef73b45c784eb0e71a7b1fcbc523edac,de8d0d3f
00001e83,1c053954bb7aea4b46c95d616defd136,de8d0d3f
000009a0,94fd00f494e4774e2426f40a1306bf01,de8d0d3f
00000e26,5d55f067fbff3f36ab700d5fee3dd1fc,de8d0d3f
00000606,00eab1de51168d2382020c683ed9cdb2,de8d0d3f
0000076c,6dcaf82b850e440badc704b770492bce,de8d0d3f
00000a91,f969de7d9f6a4023ac99dd6a202b4c2a,de8d0d3f
00000b8d,ebbe3833c255d2fd928ef94fa9aa7212,de8d0d3f
00001a89,16df9e73ec00a655b1f13036d60b095c,de8d0d3f
00002627,431b77f211c7054f749931b9a64266b0,de8d0d3f
00001c27,8b2d19969371af10b4be1fe88d27cfb7,de8d0d3f
00001f69,0e1f39f45d7b08e0570de59d63241d35,de8d0d3f
00000544,048d9f8d240b2d987cd919dd5cd5b1bb,de8d0d3f
000004ba,e0b54501980998fc9c62b934a2c9e398,de8d0d3f
00001a68,2f244f09a813fa4176e91505e878a3ca,de8d0d3f
00001b19,d79594e70dd077f069a330e4c1bfbe6b,de8d0d3f
000024e8,1f9922f37d81ee2a34612fc44e8fcf6a,de8d0d3f
00002049,b8828909687fe148a01b0f5ae41eb1fa,de8d0d3f
00000fc2,38b89066057beed9e9c3d78920e8f1d2,de8d0d3f
00001da0,ffa908b96febcfc1398247e345ae9fb2,de8d0d3f
000016bd,58a0f6c7d2db8c2be3ba6016dda2ec3d,de8d0d3f
00002306,cbf8574c8dd0909893d0e3b6b2b8a842,de8d0d3f
00001ff6,ee64a0308e45a08c2acc93087e6d82e6,de8d0d3f
00001d80,ce1648fa251e3794c5349c91216e4a13,de8d0d3f
00001f71,b04600bcd562fd9377fcb41dfa2f4f80,de8d0d3f
0000041d,5aebfcbd95ee5a05ce1143987f55e041,de8d0d3f
0000250f,f6e4a69d75bb509324fdbab3cf636016,de8d0d3f
00000b2a,670bf401db7a3ded4fbc9970e8799a96,de8d0d3f
0000232a,82db83727f2d29704aebc95ed4824506,de8d0d3f
000000b4,0642ad6dc7fcbc7496ab6d642508ca70,de8d0d3f
00001063,1d2b8d8ed59190276f8f3b522334fe6b,de8d0d3f
00000e2b,82c2b8d18fac8fa58893a2105d8e5551,de8d0d3f
00000d3a,2365c56c3594f06509a1988f3a53cec8,de8d0d3f
00002314,06328e3cbc709742e44c234b1b4aa1ae,de8d0d3f
0000129d,f4ff1c059cc17926be80537ab44c0c88,de8d0d3f
00000dfe,38fd0676efe06656fe7e3921bc084cf4,de8d0d3f
00002248,eccf71234816afff2f966f9c4a9c94aa,de8d0d3f
0000030f,fb819d980be2e48a717452e2250bf763,de8d0d3f
00002115,3ec13a7b5a9dbcd605fecc27ea6bf094,de8d0d3f
000025ab,4d317fd7052ee36a1a0114d8af68d537,de8d0d3f
00001e5d,f53e0474874d2dfdeb762ba6214c2ae1,de8d0d3f
00000cc1,072c2234a320bb69c5ab90225cd993e4,de8d0d3f
00000c92,0de9b2d32172a49b3c4910a2325e08a3,de8d0d3f
0000259d,d8b49a6da6a44dd53b7a43f39aa41630,de8d0d3f
000010f3,40ebb2c0bddca3e982acbf98a6ff54ac,de8d0d3f
00002226,b937fa2df5dc70567dccb88742b4ad05,de8d0d3f
000018a6,d16091dc03c5dc0e532d56105a8620e6,de8d0d3f
0000025f,d6329d00b0117d9dfa1b3bc563b150a7,de8d0d3f
00002005,4679f7c12779d55baa5d9b07c465d2b9,de8d0d3f
00000996,fe5ce02e262105889d438f6ee06f3740,de8d0d3f
00002175,26b37a3bf36d668b79e860c648b3496d,de8d0d3f
0000102c,1529bfdb10b95527fe2cf7df17a8597d,de8d0d3f
0000135d,552443e4f2891e6a54cbd873e14fbb31,de8d0d3f
000015f7,5e3a2ab6ff76f97355b68cd2bd5a91fc,de8d0d3f
0000201b,191f3dfb5d8ee289ebb6439b162631e2,de8d0d3f
00000a7a,1887bf7fee65f7c46091683b52bb39d8,de8d0d3f
00001aa3,d849c5e5ecbba6231befba7a75e74853,de8d0d3f
000006be,31760a1239a80fef86011d0a5c7beec8,de8d0d3f
00000123,2e6297ca5c8cb4511ead8dc7c94471c6,de8d0d3f
00000795,aafa546dd678383707bd9bead1ba1438,de8d0d3f
00000240,d0831618ddf35e240156577f1bdd71a3,de8d0d3f
00001afd,54af85a2d194b9aaa0fe2ff97704b328,de8d0d3f
000010cb,6b1121d5478e60712d78cb05af7c6aeb,de8d0d3f
0000126f,6fd819f0c9022721ca72f70f2fd7584d,de8d0d3f
000014a9,b15f8396c77567a277ea675ba790a2df,de8d0d3f
0000223b,3ff7b3d5caf75efb6366c8cccdaba27d,de8d0d3f
0000220b,335b09f6182b1832c62b6f296d15ab30,de8d0d3f
00001d01,c762b31187653c7eb68399636391bf6c,de8d0d3f
0000043e,01efb7950f50a8127869a23a28e1cd99,de8d0d3f
000000ce,21d251b16aae183694caf131da954209,de8d0d3f
00000026,d756cbccf4a4215cd45e69c9fcc32329,de8d0d3f
0000151f,9e8849b9b074315f5f4466ff31f35a13,de8d0d3f
00000ca9,18491efef7890626ec5f8a9d9cf84555,de8d0d3f
000024f6,00c4c9049a6f67b7cbf535b8e053c928,de8d0d3f
00001f68,5a11f6905d782a44d74ac196ea0d7317,de8d0d3f
0000070e,46100eb7a8a68b976af3a21d542ce49d,de8d0d3f
000021dc,94b8012e86ccc8292219552fc047a118,de8d0d3f
00000f0f,e8bc3c60ba7d48a5a5ac521c2828caee,de8d0d3f
00001d38,6a3fe76f2059e00ed2b65b1edd259ae5,de8d0d3f
00002161,c43e0157dfe5f12aaa79fdece80bd256,de8d0d3f
00001365,0ec996720fefaa53af6ce60aa444a701,de8d0d3f
0000022e,1c014ad8d2e50eabe139fcbceade97ca,de8d0d3f
00000923,9a2e4eee4248034e61a7505bc6acc6ab,de8d0d3f
000001ca,4a39274a3420aafcae3af82d49d1747e,de8d0d3f
00000ad9,bcd249c6cedba9de198165b481385f0c,de8d0d3f
000017f6,d0607718630b074fe3d4d10f39375445,de8d0d3f
000026ac,56847be32ddf1989101798ab39b52850,de8d0d3f
000010c0,57e365c7dc2776c115d3778f509c434f,de8d0d3f
00000438,be1da1c68acc078fbc36050eb7c7fd2b,de8d0d3f
0000021e,6f8d0c44a4d9910d5dfdc6b1e2b10f59,de8d0d3f
0000002d,7cf8020cbf6c152440cb21160b6ca604,de8d0d3f
0000187d,b7c71bd932292f4f2fee9b878635f471,de8d0d3f
00001e1b,0efbe1a801019bdac1ab12d8338a550a,de8d0d3f
00000486,302e03355b60966fa8541db3c6c5edbb,de8d0d3f
00001385,ee931dd7e40149fe0269e92d8bda3ed8,de8d0d3f
0000027d,22d58e6db71d802cc450c2907944f550,de8d0d3f
00000967,9de11163640374dd671be8395c96a97b,de8d0d3f
00000383,aa9defc7e368ff5d768248423ce7c582,de8d0d3f
000001e9,408694694fdde467abb4722b635e3e5d,de8d0d3f
00000286,1db2cb555ba1d1c579115aade2e6ef03,de8d0d3f
000026c6,793bd3914a4fa670228ee55877fd4d72,de8d0d3f
000000da,301ca6d85ea611c29714b97b2fa88144,de8d0d3f
0000168e,21129c31c0b87034be6f6d182ad018ca,de8d0d3f
00001ee5,581c363b355517e0a5eadb8f84adb1f0,de8d0d3f
00000a07,633d645fc884d7c843076818a7eee0c6,de8d0d3f
00001493,058f0c73cfaf31231492effb5289b38f,de8d0d3f
00001103,420122e06cf2ec74b7d84606a08c2a8b,de8d0d3f
0000147c,00344e3cbf32de5361871f62289f9ec9,de8d0d3f
0000081b,914d7ef2f95116115db37eac4e77f6be,de8d0d3f
000018e7,346b294cb1bed38164d1fc8ef8286461,de8d0d3f
00000022,acb58c1b1f9f3e33fab441cd5148e7b9,de8d0d3f
00000f81,23f5ac30c0f6d1020c9052cc970f210f,de8d0d3f
000008f9,f5e7261b69b4dea124829ec5128747e6,de8d0d3f
0000095a,a74815b8da61dbc9a34fd0712649ab5a,de8d0d3f
000022cd,0b3b64b5cb0a9a2885e796a862e95884,de8d0d3f
0000019f,f465f00879ff15616b55898a701f05d4,de8d0d3f
00000d98,0d2cc028246b804f5cb8e96f083522aa,de8d0d3f
000019a7,698e167d2ed924d96b316aa5bb775756,de8d0d3f
00001f67,19e3a92466d27b3858823765c4bd9bee,de8d0d3f
0000082a,1cb6e30651565649148273dda57da30a,de8d0d3f
000006a7,9d93bd8a2a8664d2968568602ca6e8a9,de8d0d3f
00001344,92fc380d4604753df4af4eaded872c95,de8d0d3f
000006db,f507a5088cc01077656d41ba9325ea76,de8d0d3f
00000156,dbf599b43177994fab23808bf431bc56,de8d0d3f
00001eae,57e094193800fd954ed051e7c6d8224c,de8d0d3f
00001ec0,98fffde4c4bf5a83096d6b07ec891878,de8d0d3f
000016b4,08908f3ff9c4b5680430f9d55eeb5b59,de8d0d3f
00000a29,5f5615b12e66f40e3f78b24605ac529a,de8d0d3f
00001ed5,5206ef189e4b096a79744f42fbb8d4b6,de8d0d3f
00001ae9,d5294dae011308c6b5f035061319f4a7,de8d0d3f
0000003a,4fbbe0d6ef2a5093f9bf23fbfeac42cc,de8d0d3f
00002241,d909aac33f84ed49668cd384c8d14976,de8d0d3f
00001ede,3e046da414dc492fe39477e63182ee79,de8d0d3f
00000012,33bf1e798b8da9619cc860f29cb2fdb2,de8d0d3f
000015f9,69882b755d2d031f8f837d572972861c,de8d0d3f
0000107c,6e12c8c84345c0b2bc3dc6893a41ba8b,de8d0d3f
0000250a,d267b4d5e5a70b95eb3321df60a560b1,de8d0d3f
00001f1b,cf14b028baa63f500236b1dceac6bedc,de8d0d3f
00001838,93a2848942c4743401f795a92376d37d,de8d0d3f



